Time,EDA,Heart Rate,Temperature
BEGIN baseline FOR 10 SECONDS,,,
1719383854045478,2189,22601,5458
1719383854096087,22197,22492,5462
1719383854103239,22188,22669,5457
1719383854111086,22190,22664,5462
1719383854128284,22195,22697,5460
1719383854144892,22188,22714,5457
1719383854161588,22188,22906,5461
1719383854188593,22188,23001,5455
1719383854201477,22187,23061,5460
1719383854224855,22193,23095,5459
1719383854248323,22185,23040,5458
1719383854268277,22188,23095,5461
1719383854285616,22188,23065,5458
1719383854308262,22189,23035,5460
1719383854331497,22190,22957,5459
1719383854345002,22192,22944,5458
1719383854368410,22193,22897,5460
1719383854385265,22194,22873,5458
1719383854411703,22193,22907,5456
1719383854431847,22195,22886,5457
1719383854448515,22196,22875,5459
1719383854461553,22200,22980,5458
1719383854488622,22199,23308,5457
1719383854501544,22205,23624,5459
1719383854528575,22200,23964,5458
1719383854538241,22204,24077,5459
1719383854561640,22206,24007,5460
1719383854578346,22201,23669,5459
1719383854604894,22201,23423,5459
1719383854628422,22209,23167,5459
1719383854647168,22202,22824,5459
1719383854668310,22204,22688,5459
1719383854691737,22204,22663,5457
1719383854704817,22203,22562,5457
1719383854718510,22205,22655,5458
1719383854745313,22204,22708,5458
1719383854765358,22204,22637,5460
1719383854791719,22203,22885,5459
1719383854808188,22204,22975,5456
1719383854831927,22205,23026,5458
1719383854848183,22206,23032,5456
1719383854868222,22210,22975,5457
1719383854888321,22203,23018,5459
1719383854901871,22205,22967,5459
1719383854928687,22204,22948,5456
1719383854951666,22205,22898,5458
1719383854974972,22205,22866,5458
1719383854986839,22213,22879,5459
1719383855011961,22208,22844,5459
1719383855030088,22208,22912,5462
1719383855051919,22213,22925,5457
1719383855065550,22207,22932,5459
1719383855081846,22210,22937,5458
1719383855108541,22206,22860,5457
1719383855131846,22209,23061,5458
1719383855155208,22206,23226,5460
1719383855165705,22210,23614,5458
1719383855177763,22203,23792,5458
1719383855208272,22203,23967,5458
1719383855218185,22205,23939,5459
1719383855245287,22201,23663,5458
1719383855258371,22200,23444,5459
1719383855288817,22203,23098,5464
1719383855305115,22204,22748,5458
1719383855328403,22205,22629,5457
1719383855344925,22206,22622,5457
1719383855368311,22206,22582,5457
1719383855388289,22207,22665,5458
1719383855411654,22209,22734,5460
1719383855431787,22208,22792,5458
1719383855451860,22205,22926,5458
1719383855468481,22205,22988,5459
1719383855491708,22204,23096,5462
1719383855511754,22205,23065,5457
1719383855531833,22204,23101,5460
1719383855551931,22204,23064,5454
1719383855571944,22202,23005,5458
1719383855595218,22202,22955,5459
1719383855618501,22201,22914,5461
1719383855636293,22209,22878,5459
1719383855655043,22202,22750,5458
1719383855671685,22203,22836,5462
1719383855691524,22210,22864,5458
1719383855715030,22204,22890,5458
1719383855732336,22203,22910,5458
1719383855751715,22207,22914,5458
1719383855775002,22200,22882,5458
1719383855783747,22204,23164,5459
1719383855804988,22204,23450,5458
1719383855828495,22202,23724,5458
1719383855848446,22205,24034,5456
1719383855868240,22204,24113,5460
1719383855888564,22211,23974,5458
1719383855901944,22202,23630,5458
1719383855932003,22200,23392,5461
1719383855951927,22198,23014,5458
1719383855968482,22202,22786,5460
1719383855991684,22203,22700,5458
1719383856008133,22202,22603,5459
1719383856031500,22202,22678,5458
1719383856048603,22203,22755,5463
1719383856071922,22204,22771,5457
1719383856095045,22202,22847,5461
1719383856111822,22202,23009,5459
1719383856135355,22203,23070,5459
1719383856151719,22203,23190,5461
1719383856178356,22201,23215,5459
1719383856195266,22202,23105,5458
1719383856215169,22202,23089,5458
1719383856238561,22197,23009,5459
1719383856258466,22199,22920,5459
1719383856274940,22200,22839,5460
1719383856288176,22205,22783,5457
1719383856311533,22200,22811,5457
1719383856331865,22199,22823,5457
1719383856358550,22200,22855,5457
1719383856375281,22199,22859,5456
1719383856389867,22201,22881,5457
1719383856414933,22199,22952,5459
1719383856438547,22199,23064,5459
1719383856448291,22198,23350,5459
1719383856468371,22200,23614,5459
1719383856491720,22201,24083,5459
1719383856515168,22200,24221,5459
1719383856538304,22200,24096,5459
1719383856552162,22198,24011,5457
1719383856571561,22198,23679,5458
1719383856588354,22202,23253,5459
1719383856611725,22196,22887,5458
1719383856631747,22196,22718,5457
1719383856651788,22196,22632,5459
1719383856675063,22196,22679,5458
1719383856691591,22196,22581,5459
1719383856714994,22198,22714,5456
1719383856735280,22198,22820,5461
1719383856751931,22197,22865,5453
1719383856775024,22197,22967,5457
1719383856791618,22197,23047,5457
1719383856818282,22197,23108,5461
1719383856841737,22198,23107,5458
1719383856860421,22198,23112,5458
1719383856879725,22204,23095,5455
1719383856898252,22197,23048,5460
1719383856914871,22200,22871,5458
1719383856938582,22198,22918,5460
1719383856951915,22198,22895,5461
1719383856975032,22204,22879,5459
1719383856998621,22197,22849,5460
1719383857011613,22197,22844,5458
1719383857038558,22197,22877,5457
1719383857058322,22198,22880,5457
1719383857078559,22204,22865,5458
1719383857091760,22196,22917,5458
1719383857118380,22195,23062,5458
1719383857131663,22195,23364,5456
1719383857155140,22198,23700,5459
1719383857175103,22200,24138,5457
1719383857185691,22200,24271,5458
1719383857211537,22197,24131,5457
1719383857235215,22198,23984,5457
1719383857254899,22203,23650,5457
1719383857271915,22194,23217,5457
1719383857295266,22195,22894,5457
1719383857311556,22193,22740,5458
1719383857328283,22193,22591,5458
1719383857358342,22197,22642,5460
1719383857378500,22194,22718,5458
1719383857395034,22195,22638,5457
1719383857428776,22194,22817,5454
1719383857441635,22193,22893,5457
1719383857458270,22193,23086,5457
1719383857471606,22194,23052,5457
1719383857498586,22194,23188,5455
1719383857521811,22194,23168,5457
1719383857541617,22195,23134,5460
1719383857558349,22189,23052,5459
1719383857581992,22193,22990,5458
1719383857601859,22193,22916,5460
1719383857618168,22192,22810,5461
1719383857641606,22198,22832,5459
1719383857651685,22191,22852,5456
1719383857674951,22198,22852,5459
1719383857705209,22193,22903,5460
1719383857717940,22194,22889,5463
1719383857738686,22189,22962,5457
1719383857748361,22194,22951,5458
1719383857775051,22193,23001,5457
1719383857791541,22193,23238,5458
1719383857811646,22193,23548,5456
1719383857831603,22190,23892,5458
1719383857855112,22190,24136,5458
1719383857878453,22193,24147,5456
1719383857896117,22192,24081,5458
1719383857918302,22192,23656,5457
1719383857938610,22191,23353,5459
1719383857961929,22191,23133,5457
1719383857978561,22191,22758,5458
1719383857991686,22190,22690,5459
1719383858018276,22190,22667,5457
1719383858041662,22192,22621,5453
1719383858058426,22193,22695,5461
1719383858078615,22199,22814,5458
1719383858091911,22194,22887,5458
1719383858112056,22194,22983,5459
1719383858145506,22195,23073,5459
1719383858162149,22194,23106,5459
1719383858171864,22194,23146,5454
1719383858202145,22193,23102,5457
1719383858225069,22191,22974,5459
1719383858245193,22192,22998,5458
1719383858255133,22190,22871,5460
1719383858285421,22187,22824,5457
1719383858305213,22190,22854,5457
1719383858321551,22190,22785,5461
1719383858345441,22186,22785,5458
1719383858353161,22188,22854,5460
1719383858368781,22196,22885,5456
1719383858402097,22187,22919,5459
1719383858418498,22189,22858,5457
1719383858438793,22192,22957,5459
1719383858458483,22189,22968,5457
1719383858475417,22192,23119,5457
1719383858492150,22192,23450,5457
1719383858518738,22191,23785,5459
1719383858538831,22189,24087,5459
1719383858558707,22191,24296,5460
1719383858578592,22195,24191,5459
1719383858591863,22191,23900,5457
1719383858618810,22191,23630,5460
1719383858641953,22190,23312,5459
1719383858661816,22190,22852,5460
1719383858675190,22189,22766,5454
1719383858705136,22190,22695,5458
1719383858718480,22190,22734,5462
1719383858745496,22191,22792,5456
1719383858762140,22191,22893,5454
1719383858781873,22196,23037,5460
1719383858801813,22189,23148,5453
1719383858828373,22189,23235,5460
1719383858848439,22189,23292,5457
1719383858862077,22189,23267,5458
1719383858878700,22194,23174,5459
1719383858905455,22189,23067,5459
1719383858928300,22188,22968,5456
1719383858945118,22190,22895,5458
1719383858958561,22195,22847,5457
1719383858985360,22188,22823,5458
1719383858995082,22186,22844,5458
1719383859018837,22179,22881,5457
1719383859038631,22184,22800,5459
1719383859052253,22192,22984,5458
1719383859078895,22184,22989,5456
1719383859098621,22183,22877,5458
1719383859112224,22190,22999,5456
1719383859141611,22185,22996,5457
1719383859161495,22189,23035,5458
1719383859181405,22189,23305,5460
1719383859205059,22189,23652,5454
1719383859221956,22186,23965,5458
1719383859241930,22187,24153,5458
1719383859262097,22192,24114,5458
1719383859288661,22190,23889,5460
1719383859308475,22187,23625,5456
1719383859325061,22185,23239,5457
1719383859341799,22184,22942,5458
1719383859358473,22185,22750,5457
1719383859385562,22185,22674,5456
1719383859402132,22184,22690,5461
1719383859418663,22185,22721,5454
1719383859441806,22185,22798,5455
1719383859468754,22184,22857,5455
1719383859485645,22185,22932,5454
1719383859502309,22186,23021,5457
1719383859525016,22185,23115,5457
1719383859545409,22185,23200,5456
1719383859568758,22185,23219,5458
BEGIN website FOR 5 SECONDS,,,
1719383859588656,22184,23164,5459
1719383859615799,22191,23146,5459
1719383859631575,22185,23099,5460
1719383859638261,22186,23047,5459
1719383859661977,22184,22969,5458
1719383859682071,22183,22915,5458
1719383859705135,22181,22917,5458
1719383859722175,22183,22917,5457
1719383859734998,22188,22939,5459
1719383859758749,22182,22996,5456
1719383859782191,22182,22861,5457
1719383859808555,22183,23016,5458
1719383859825049,22184,23011,5458
1719383859841698,22182,23216,5460
1719383859858333,22186,23601,5458
1719383859882075,22184,23893,5459
1719383859905518,22183,24225,5459
1719383859918635,22181,24238,5459
1719383859938699,22184,24118,5458
1719383859968886,22184,23812,5456
1719383859985622,22182,23499,5459
1719383860012192,22187,23120,5458
1719383860028524,22179,22781,5457
1719383860045521,22179,22698,5459
1719383860058473,22179,22656,5453
1719383860088765,22179,22671,5457
1719383860102308,22180,22729,5462
1719383860128393,22181,22813,5456
1719383860142144,22179,22916,5455
1719383860168808,22180,23033,5457
1719383860188563,22180,23113,5455
1719383860208381,22181,23190,5458
1719383860228440,22180,23214,5457
1719383860241945,22181,23213,5458
1719383860268754,22180,23147,5457
1719383860285371,22187,23049,5457
1719383860302200,22181,23027,5458
1719383860325568,22181,22966,5459
1719383860341890,22180,22948,5459
1719383860361755,22184,22925,5456
1719383860381790,22182,22808,5458
1719383860405483,22186,22939,5459
1719383860428268,22183,22896,5458
1719383860448256,22183,23004,5456
1719383860468409,22180,22882,5458
1719383860485346,22182,22963,5454
1719383860505505,22179,23043,5457
1719383860522385,22180,23183,5458
1719383860545554,22180,23539,5457
1719383860568564,22178,23930,5458
1719383860588655,22181,24077,5459
1719383860611926,22179,24176,5460
1719383860628548,22180,24072,5460
1719383860648590,22181,23833,5460
1719383860668616,22180,23473,5460
1719383860682005,22179,23154,5459
1719383860708528,22177,22840,5459
1719383860728427,22181,22658,5460
1719383860748585,22178,22630,5461
1719383860772161,22179,22601,5455
1719383860791848,22178,22659,5457
1719383860808615,22179,22705,5455
1719383860828500,22179,22827,5457
1719383860852090,22178,22916,5457
1719383860861920,22178,23022,5457
1719383860878739,22182,23092,5457
1719383860912097,22176,23108,5458
1719383860925339,22178,23092,5458
1719383860941806,22181,23148,5457
1719383860961896,22180,23120,5458
1719383860985483,22181,23044,5458
1719383861005293,22179,22895,5458
1719383861032579,22188,22976,5458
1719383861048856,22179,22954,5458
1719383861062131,22178,22955,5458
1719383861081991,22183,22872,5458
1719383861112264,22183,23053,5463
1719383861128737,22185,22904,5456
1719383861152171,22190,23018,5458
1719383861168934,22185,22969,5455
1719383861181949,22188,23001,5458
1719383861208896,22187,23179,5458
1719383861228545,22188,23471,5462
1719383861252226,22188,23668,5459
1719383861268911,22188,24036,5458
1719383861288661,22189,24176,5459
1719383861308635,22189,24171,5456
1719383861328646,22191,23930,5457
1719383861358525,22191,23577,5456
1719383861375579,22190,23239,5457
1719383861392216,22189,22817,5458
1719383861415482,22190,22750,5459
1719383861432146,22192,22672,5459
1719383861458756,22194,22676,5461
1719383861475466,22195,22695,5462
1719383861495141,22196,22747,5456
1719383861505102,22195,22872,5459
1719383861528820,22199,23003,5455
1719383861558755,22196,23132,5460
1719383861566405,22199,23187,5458
1719383861585667,22196,23165,5457
1719383861608895,22196,23111,5459
1719383861628803,22201,23123,5458
1719383861652300,22199,23061,5459
1719383861671954,22197,23002,5457
1719383861685347,22203,22980,5458
1719383861708932,22199,22886,5458
1719383861721977,22196,22879,5459
1719383861752087,22199,23034,5462
1719383861768666,22199,23028,5458
1719383861792133,22201,22987,5458
1719383861815300,22202,23038,5458
1719383861832205,22203,23057,5458
1719383861855303,22203,23046,5457
1719383861875237,22201,23081,5457
1719383861895134,22203,23287,5459
1719383861918849,22203,23578,5460
1719383861938329,22201,23922,5460
1719383861958497,22200,24116,5459
1719383861971840,22202,24199,5458
1719383861994993,22208,24003,5458
1719383862018242,22204,23711,5457
1719383862038138,22203,23311,5457
1719383862058433,22207,22961,5458
1719383862075397,22202,22747,5459
1719383862095400,22201,22591,5458
1719383862118675,22203,22522,5460
1719383862135154,22202,22573,5460
1719383862158620,22205,22723,5458
1719383862171932,22206,22853,5456
1719383862198820,22209,23020,5456
1719383862208447,22205,23152,5456
1719383862232204,22207,23245,5457
1719383862248865,22205,23261,5461
1719383862272062,22207,23227,5458
1719383862288766,22204,23132,5458
1719383862308591,22210,23168,5456
1719383862328485,22203,23061,5457
1719383862352203,22205,22851,5458
1719383862369008,22203,22867,5458
1719383862392144,22204,22962,5460
1719383862412029,22202,22959,5457
1719383862428627,22205,22842,5458
1719383862452188,22203,22996,5457
1719383862465288,22204,22861,5458
1719383862498599,22205,22985,5462
1719383862511850,22205,22997,5458
1719383862535501,22206,23067,5458
1719383862558902,22204,23366,5456
1719383862571780,22205,23705,5457
1719383862595447,22207,23988,5459
1719383862615187,22209,24053,5457
1719383862635321,22206,23976,5461
1719383862655066,22206,23707,5459
1719383862678817,22206,23389,5460
1719383862695483,22205,22988,5459
1719383862718532,22205,22805,5459
1719383862741616,22203,22678,5457
1719383862761807,22203,22592,5460
1719383862778784,22202,22583,5461
1719383862802095,22210,22727,5457
1719383862825443,22203,22827,5457
1719383862845020,22201,22792,5457
1719383862852624,22202,22737,5461
1719383862871658,22207,22640,5456
1719383862891851,22198,22534,5458
1719383862912286,22197,22462,5458
1719383862931975,22196,22298,5458
1719383862948845,22187,22203,5458
1719383862972060,22178,22214,5461
1719383862995561,22163,22081,5458
1719383863018538,22143,22106,5457
1719383863038463,22123,22297,5458
1719383863051947,22100,22371,5456
1719383863068772,22078,22335,5460
1719383863098808,22057,22491,5456
1719383863115540,22035,22563,5453
1719383863128585,22015,22598,5459
1719383863158831,21994,22660,5458
1719383863182193,21975,22806,5453
1719383863195088,21959,23150,5457
1719383863218871,21949,23657,5456
1719383863238381,21927,24073,5455
1719383863252031,21915,24309,5454
1719383863278815,21904,24343,5457
1719383863298504,21894,24176,5459
1719383863321727,21886,23853,5456
1719383863338318,21879,23519,5456
1719383863364850,21874,23194,5455
1719383863378790,21869,22957,5457
1719383863402094,21864,22755,5460
1719383863421649,21861,22670,5461
1719383863435244,21856,22696,5459
1719383863455122,21853,22768,5459
1719383863482150,21852,22920,5458
1719383863505038,21853,23065,5457
1719383863512904,21848,23216,5459
1719383863529066,21845,23298,5458
1719383863551885,21840,23356,5460
1719383863575559,21846,23296,5457
1719383863592217,21833,23111,5458
1719383863608994,21832,23104,5460
1719383863638558,21830,23003,5458
1719383863661924,21831,22961,5457
1719383863681920,21829,22934,5457
1719383863695543,21827,22904,5456
1719383863708539,21827,22903,5458
1719383863735474,21823,22918,5457
1719383863758888,21821,22963,5458
1719383863778702,21821,23022,5457
1719383863798500,21819,23248,5454
1719383863821687,21818,23565,5458
1719383863838318,21818,23990,5463
1719383863858892,21818,24270,5458
1719383863878634,21816,24371,5456
1719383863895553,21816,24235,5453
1719383863921765,21814,23922,5456
1719383863935224,21812,23541,5457
1719383863962071,21810,23139,5454
1719383863985530,21807,22866,5458
1719383864005116,21806,22658,5456
1719383864025316,21805,22559,5461
1719383864033193,21803,22550,5458
1719383864058810,21793,22650,5456
1719383864085493,21788,22759,5458
1719383864102006,21781,22920,5458
1719383864125397,21776,23038,5457
1719383864135136,21770,23154,5459
1719383864165577,21771,23184,5458
1719383864182028,21763,23206,5460
1719383864198914,21766,23197,5457
1719383864218597,21759,23142,5457
1719383864231966,21750,23014,5457
1719383864258886,21747,22938,5460
1719383864278662,21746,22855,5459
1719383864291981,21740,22939,5458
1719383864321864,21737,22933,5458
1719383864338553,21735,22898,5454
1719383864358786,21734,22870,5457
1719383864374943,21738,22998,5460
1719383864392456,21743,23157,5458
1719383864421821,21752,23451,5459
1719383864435508,21771,23763,5458
1719383864465543,21786,24172,5459
1719383864482186,21808,24309,5457
1719383864501989,21831,24335,5460
1719383864525560,21853,24105,5453
1719383864542252,21879,23721,5458
1719383864565518,21902,23402,5459
1719383864588519,21926,23093,5458
1719383864605468,21946,22855,5461
BEGIN baseline FOR 10 SECONDS,,,
1719383871361778,496,23797,5460
1719383871381676,485,23795,5458
1719383871402123,479,23667,5459
1719383871418668,476,23545,5457
1719383871438913,460,23374,5459
1719383871465535,457,23521,5460
1719383871482193,449,23506,5459
1719383871502074,446,23528,5461
1719383871518825,441,23632,5459
1719383871545376,435,23543,5459
1719383871562125,431,23619,5458
1719383871578619,426,23957,5460
1719383871605363,421,24219,5459
1719383871628729,421,24548,5460
1719383871641890,415,24653,5460
1719383871665211,414,24679,5458
1719383871682130,415,24506,5460
1719383871698681,408,24223,5459
1719383871725411,407,24016,5458
1719383871745441,410,23672,5458
1719383871762095,406,23432,5458
1719383871782275,405,23275,5458
1719383871805159,403,23217,5458
1719383871822222,402,23138,5460
1719383871842139,397,23158,5460
1719383871868738,398,22930,5460
1719383871888364,395,22586,5459
1719383871899731,391,22362,5460
1719383871925210,391,22245,5459
1719383871945216,379,22237,5458
1719383871962045,375,22697,5460
1719383871986463,359,23111,5461
1719383872005058,354,23514,5459
1719383872024997,342,23851,5461
1719383872048494,335,24006,5459
1719383872065228,327,24048,5458
1719383872085165,316,24106,5462
1719383872105547,311,24133,5459
1719383872121893,304,23968,5460
1719383872145207,298,23866,5459
1719383872165280,286,23628,5458
1719383872179316,280,23622,5459
1719383872208854,275,23658,5459
1719383872228737,274,23949,5458
1719383872248550,272,24246,5458
1719383872265494,263,24562,5458
1719383872285152,255,24736,5459
1719383872305264,258,24581,5459
1719383872325162,254,24237,5459
1719383872349521,254,24038,5460
1719383872362038,250,23584,5459
1719383872385232,244,23283,5459
1719383872408514,242,23000,5458
1719383872428512,243,22853,5458
1719383872445163,242,22755,5459
1719383872465236,232,22749,5459
1719383872495045,229,22659,5459
1719383872511769,230,22845,5459
1719383872525098,226,22987,5459
1719383872545614,228,23135,5459
1719383872562187,227,23208,5460
1719383872585384,227,23373,5458
1719383872605220,224,23588,5460
1719383872622036,226,23552,5458
1719383872648733,221,23496,5459
1719383872668459,222,23503,5461
1719383872685229,225,23443,5460
1719383872715424,225,23373,5459
1719383872735407,230,23350,5460
1719383872755151,223,23212,5462
1719383872768524,222,23201,5458
1719383872788461,223,23190,5459
1719383872808830,221,23142,5459
1719383872825200,221,23138,5459
1719383872848570,218,23347,5461
1719383872868731,221,23635,5460
1719383872888541,221,23962,5460
1719383872908428,216,24197,5460
1719383872925162,226,24376,5459
1719383872948816,218,24232,5459
1719383872971769,213,23977,5459
1719383872988596,217,23711,5460
1719383873011862,213,23377,5459
1719383873032011,222,23200,5460
1719383873048502,218,23030,5460
1719383873068569,214,22890,5459
1719383873091686,214,22860,5460
1719383873108670,217,22867,5460
1719383873128513,217,22936,5457
1719383873148398,218,22987,5459
1719383873172101,219,23081,5459
1719383873191845,215,23220,5460
1719383873211805,217,23295,5460
1719383873235116,216,23306,5458
1719383873251709,214,23446,5459
1719383873268423,216,23390,5458
1719383873291776,219,23356,5459
1719383873315107,211,23252,5460
1719383873332110,219,23236,5460
1719383873348538,212,23236,5460
1719383873371787,219,23183,5461
1719383873388919,211,23066,5459
1719383873411810,218,23165,5459
1719383873428552,215,23163,5458
1719383873448525,211,23217,5458
1719383873468329,210,23497,5459
1719383873495204,210,23801,5459
1719383873512068,214,24076,5459
1719383873525303,212,24162,5460
1719383873551868,208,24349,5460
1719383873571953,211,24183,5461
1719383873595110,214,23892,5460
1719383873615495,217,23582,5460
1719383873632034,212,23211,5460
1719383873651697,212,22935,5460
1719383873671909,214,22832,5459
1719383873691850,214,22744,5459
1719383873711942,212,22790,5460
1719383873728819,215,22940,5460
1719383873751732,217,22942,5458
1719383873765295,209,22967,5461
1719383873791891,211,23239,5457
1719383873811805,210,23272,5458
1719383873831732,212,23418,5459
1719383873851615,212,23417,5460
1719383873871699,208,23460,5458
1719383873898411,211,23418,5460
1719383873911768,214,23386,5460
1719383873934980,213,23336,5461
1719383873955191,212,23276,5461
1719383873968417,213,23196,5460
1719383873988515,212,23200,5462
1719383874018168,212,23116,5460
1719383874034877,210,23154,5461
1719383874051788,212,23185,5461
1719383874071910,212,23278,5461
1719383874091845,212,23604,5459
1719383874111699,208,23974,5459
1719383874135026,207,24200,5458
1719383874151673,212,24253,5457
1719383874171858,208,24162,5459
1719383874191984,208,23987,5459
1719383874212094,207,23699,5460
1719383874232107,213,23392,5460
1719383874255145,208,23186,5460
1719383874271971,208,22925,5460
1719383874295175,210,22887,5461
1719383874311856,210,22832,5460
1719383874335235,213,22851,5461
1719383874362161,205,22863,5460
1719383874375228,209,22930,5459
1719383874395201,216,23167,5460
1719383874411823,210,23287,5460
1719383874431867,205,23366,5460
1719383874458795,207,23483,5461
1719383874475416,211,23435,5459
1719383874491959,207,23379,5458
1719383874508654,206,23386,5460
1719383874532033,205,23314,5459
1719383874558616,210,23228,5460
1719383874578544,212,23239,5459
1719383874595488,205,23229,5460
1719383874615466,215,23260,5459
1719383874638603,209,23193,5460
1719383874648500,205,23148,5461
1719383874675480,205,23267,5461
1719383874695227,205,23295,5460
1719383874711923,208,23650,5460
1719383874735254,214,23972,5461
1719383874748996,205,24079,5460
1719383874775137,206,24290,5460
1719383874794989,209,24106,5459
1719383874815098,210,23903,5461
1719383874838750,208,23605,5460
1719383874855053,210,23326,5460
1719383874875178,211,23101,5459
1719383874895576,211,22869,5458
1719383874909364,205,22844,5460
1719383874938461,212,22746,5460
1719383874955412,209,22855,5460
1719383874975224,212,22920,5459
1719383874995418,203,22953,5458
1719383875011882,214,23234,5459
1719383875035278,206,23302,5459
1719383875058754,204,23342,5460
1719383875081944,209,23419,5459
1719383875095222,205,23392,5459
1719383875115534,206,23367,5459
1719383875135293,205,23302,5460
1719383875155330,207,23259,5459
1719383875178600,203,23216,5459
1719383875198636,208,23140,5459
1719383875218519,206,23080,5458
1719383875238515,206,23107,5458
1719383875258895,207,23067,5460
1719383875278826,210,23102,5460
1719383875301643,208,23137,5460
1719383875318508,214,23313,5460
1719383875335191,208,23567,5459
1719383875358662,211,23810,5459
1719383875381926,209,23979,5460
1719383875401864,213,24253,5461
1719383875415496,206,24150,5459
1719383875438630,213,23973,5459
1719383875452013,207,23654,5459
1719383875471986,205,23282,5459
1719383875498780,204,23061,5459
1719383875518553,208,22785,5459
1719383875533609,204,22604,5459
1719383875552069,203,22579,5460
1719383875578853,205,22604,5459
1719383875601811,208,22590,5460
1719383875618559,208,22838,5459
1719383875642195,206,23044,5459
1719383875658734,214,23231,5459
1719383875682072,206,23345,5459
1719383875695561,207,23457,5459
1719383875718490,202,23509,5460
1719383875742147,204,23465,5459
1719383875761931,214,23441,5461
1719383875782073,211,23374,5461
1719383875801862,206,23193,5460
1719383875818457,207,23173,5460
1719383875838282,211,23146,5457
1719383875861828,207,23010,5459
1719383875895292,208,23117,5459
1719383875902112,207,23178,5460
1719383875921771,208,23110,5463
1719383875942253,206,23108,5460
1719383875962174,207,23405,5460
1719383875978724,205,23769,5460
1719383875998571,207,24091,5459
1719383876022133,203,24345,5460
1719383876045498,203,24288,5460
1719383876061944,211,24212,5460
1719383876081987,205,23975,5460
1719383876098883,206,23635,5461
1719383876122192,210,23264,5460
1719383876138712,203,22885,5459
1719383876161966,210,22774,5460
1719383876175447,205,22572,5458
1719383876201879,208,22634,5458
1719383876215303,208,22733,5459
1719383876238690,208,22939,5460
1719383876258557,210,23089,5460
1719383876281868,209,23245,5461
1719383876298565,208,23370,5459
1719383876322082,206,23494,5462
1719383876345274,203,23437,5458
1719383876361983,211,23397,5460
1719383876378734,204,23262,5458
1719383876401924,204,23112,5460
1719383876421927,202,22946,5462
1719383876445165,206,22920,5460
1719383876461974,202,22833,5460
1719383876482027,207,22846,5459
1719383876501807,203,22836,5460
1719383876515291,209,22851,5460
1719383876545754,209,22881,5459
1719383876558529,207,22914,5463
1719383876582081,207,23247,5460
1719383876598571,209,23507,5462
1719383876622099,209,23904,5459
1719383876645543,207,24171,5460
1719383876662008,206,24364,5461
1719383876681919,205,24216,5460
1719383876698843,202,24093,5460
1719383876721763,204,23663,5461
1719383876745235,201,23276,5459
1719383876762225,201,23043,5460
1719383876775516,202,22740,5462
1719383876803341,202,22693,5460
1719383876821775,204,22551,5459
1719383876841910,207,22737,5460
1719383876865538,205,22860,5459
1719383876882106,205,23006,5460
1719383876901726,206,23160,5460
1719383876918535,208,23274,5461
1719383876945108,210,23421,5460
1719383876961567,208,23525,5460
1719383876985221,207,23425,5460
1719383877005267,208,23366,5460
1719383877025204,205,23353,5463
1719383877045359,205,23235,5461
1719383877062094,204,23123,5460
1719383877085473,209,23032,5460
1719383877105329,201,22938,5461
1719383877118550,205,23032,5461
1719383877142304,205,23065,5464
1719383877165525,210,23072,5459
1719383877182143,204,22968,5458
1719383877205274,211,23086,5458
1719383877222204,201,23037,5458
1719383877245540,205,23346,5460
1719383877265497,204,23663,5460
1719383877282078,206,24081,5461
1719383877305569,207,24409,5460
1719383877325297,206,24527,5460
1719383877342099,208,24570,5462
1719383877365545,214,24270,5460
1719383877378707,214,23907,5460
1719383877405155,219,23649,5461
1719383877425249,226,23259,5461
1719383877445124,236,23213,5460
1719383877465390,248,23101,5460
1719383877478636,246,23016,5460
1719383877505156,259,23151,5458
1719383877521874,265,23351,5459
1719383877548640,276,23520,5459
1719383877565418,279,23668,5459
1719383877581909,285,23881,5460
1719383877605180,291,23877,5460
1719383877625286,299,23815,5461
1719383877645155,298,23864,5460
1719383877668739,306,23748,5461
1719383877685428,312,23705,5459
1719383877708590,320,23600,5462
1719383877725113,317,23482,5459
1719383877749043,330,23566,5459
1719383877765550,326,23503,5460
1719383877788852,335,23453,5461
1719383877811825,331,23369,5461
1719383877825251,341,23512,5461
1719383877848640,339,23556,5460
1719383877868556,347,23597,5459
1719383877888544,345,23646,5459
1719383877908631,346,23712,5459
1719383877928594,350,23686,5460
1719383877945202,349,23890,5461
1719383877965494,352,24205,5460
1719383877988851,355,24471,5461
1719383878011929,354,24715,5461
1719383878025258,357,24671,5460
1719383878048488,359,24468,5461
1719383878065622,358,24092,5460
1719383878088766,359,23803,5460
1719383878111985,351,23373,5461
1719383878132019,361,23215,5460
1719383878151994,363,23000,5460
1719383878168489,355,22921,5460
1719383878188707,357,22920,5460
1719383878212102,359,22971,5460
1719383878225144,356,23010,5458
1719383878242032,357,23174,5459
1719383878268689,356,23298,5459
1719383878288581,357,23389,5459
1719383878308655,356,23613,5461
1719383878325046,361,23750,5462
1719383878348957,364,23811,5461
1719383878368475,363,23726,5460
1719383878391817,368,23840,5460
1719383878405244,361,23691,5462
1719383878432185,362,23615,5462
1719383878445338,363,23570,5460
1719383878468570,357,23566,5462
1719383878491990,359,23465,5459
1719383878509006,362,23468,5460
1719383878528555,358,23443,5461
1719383878551818,359,23549,5459
1719383878568676,362,23512,5458
1719383878588506,360,23528,5461
1719383878608567,358,23708,5460
1719383878631932,357,23980,5461
1719383878648919,362,24362,5459
1719383878668645,365,24751,5460
1719383878688637,364,24982,5461
1719383878705253,366,25021,5460
1719383878728687,362,24891,5462
1719383878748851,363,24504,5463
1719383878775253,363,24154,5462
1719383878792203,363,23704,5460
1719383878808903,360,23519,5461
1719383878831908,366,23296,5461
1719383878848650,357,23069,5460
1719383878875326,365,23161,5462
1719383878888562,363,23189,5460
1719383878905051,359,23281,5459
1719383878928472,358,23478,5460
1719383878952123,359,23611,5460
1719383878968933,362,23697,5460
1719383878991847,361,23724,5460
1719383879012091,359,23761,5460
1719383879029093,360,23700,5460
1719383879052222,364,23730,5460
1719383879075256,358,23639,5460
1719383879092047,365,23622,5463
1719383879108898,360,23576,5462
1719383879131928,359,23563,5462
1719383879151881,362,23503,5460
1719383879172083,360,23526,5464
1719383879192177,362,23491,5459
1719383879212151,360,23515,5462
1719383879231876,360,23485,5461
1719383879251909,363,23530,5460
1719383879271856,356,23519,5458
1719383879291941,360,23486,5459
1719383879305557,359,23588,5460
1719383879331788,359,23863,5461
1719383879355501,361,24249,5462
1719383879372092,362,24632,5461
1719383879391923,362,24775,5460
1719383879409008,358,24796,5460
1719383879428504,361,24724,5461
1719383879451865,357,24233,5460
1719383879475460,355,23942,5461
1719383879492198,360,23697,5460
1719383879505608,357,23453,5461
1719383879531870,357,23381,5461
1719383879548998,363,23196,5461
1719383879575531,362,23299,5458
1719383879591910,362,23417,5460
1719383879612007,361,23616,5461
1719383879635497,362,23726,5461
1719383879652172,363,23848,5460
1719383879672070,364,24091,5461
1719383879691941,361,24020,5460
1719383879711967,358,23911,5461
1719383879728629,358,23816,5460
1719383879755280,357,23779,5460
1719383879772243,358,23606,5460
1719383879795475,364,23469,5460
1719383879808731,356,23276,5462
1719383879835383,357,23349,5460
1719383879858662,358,23253,5460
1719383879878632,365,23240,5459
1719383879891757,364,23283,5461
1719383879908718,364,23387,5459
1719383879938475,355,23438,5460
1719383879951862,357,23381,5459
1719383879968491,358,23504,5460
1719383879991829,357,23506,5460
1719383880018355,360,23607,5460
1719383880034859,358,23787,5462
1719383880054759,360,24239,5460
1719383880075167,357,24626,5462
1719383880098686,359,24822,5460
1719383880114922,358,24862,5460
1719383880138539,355,24677,5460
1719383880158561,364,24434,5462
1719383880175470,362,24130,5462
1719383880198895,359,23704,5461
1719383880218666,362,23567,5461
1719383880238412,359,23322,5461
1719383880258546,360,23209,5460
1719383880288789,359,23172,5462
1719383880295728,358,23158,5460
1719383880315646,356,23221,5462
1719383880335173,360,23163,5460
1719383880355319,357,23087,5461
1719383880375197,356,22784,5460
1719383880392125,358,22450,5461
1719383880415602,360,21948,5460
1719383880438385,360,21538,5461
1719383880462244,364,21246,5463
1719383880475134,369,20844,5461
1719383880498942,367,20685,5463
1719383880515602,372,20778,5461
1719383880542183,377,21086,5462
1719383880551845,381,21593,5461
1719383880575687,384,22288,5461
1719383880595250,384,22931,5460
1719383880618795,390,23572,5460
1719383880638547,389,23960,5460
1719383880658634,399,24417,5460
1719383880675563,398,24625,5460
1719383880695362,401,24639,5460
1719383880718887,402,24547,5461
1719383880735554,407,24453,5460
1719383880758874,416,24488,5459
1719383880775607,407,24701,5461
1719383880795357,418,25177,5460
1719383880818932,413,25479,5460
1719383880838604,416,25679,5460
1719383880858524,415,25739,5463
1719383880878640,418,25540,5462
1719383880895261,420,25230,5461
1719383880912191,419,24807,5460
1719383880941882,424,24332,5458
1719383880958847,423,23920,5460
1719383880978706,422,23684,5459
1719383880991866,421,23437,5460
1719383881011968,419,23378,5462
1719383881038874,421,23323,5460
1719383881055634,425,23414,5460
1719383881078851,426,23504,5461
1719383881098698,423,23583,5461
1719383881122010,432,23760,5460
1719383881138931,426,23708,5460
1719383881155558,425,23656,5460
1719383881178852,431,23548,5460
1719383881195645,422,23328,5462
1719383881218843,431,23300,5462
1719383881238848,426,23263,5462
1719383881258579,424,23225,5460
1719383881282152,424,23251,5460
1719383881298835,428,23215,5461
1719383881318597,428,23229,5459
1719383881341922,430,23233,5460
BEGIN website FOR 5 SECONDS,,,
1719383881355441,432,23243,5461
1719383881378211,429,23308,5460
1719383881401719,431,23240,5462
1719383881421886,430,23288,5460
1719383881438499,432,23292,5460
1719383881462237,428,23183,5460
1719383881478793,427,23169,5460
1719383881502236,424,23296,5461
1719383881521958,425,23766,5462
1719383881542283,434,24211,5462
1719383881558879,430,24696,5461
1719383881578778,426,24997,5460
1719383881602226,426,25140,5461
1719383881625192,430,24897,5459
1719383881645317,427,24529,5460
1719383881662168,431,24152,5460
1719383881678991,432,23836,5461
1719383881702219,433,23446,5460
1719383881718898,434,23179,5461
1719383881735379,427,23147,5461
1719383881762214,432,23084,5463
1719383881778552,433,23178,5460
1719383881802230,436,23295,5461
1719383881831746,434,23347,5462
1719383881839333,434,23602,5461
1719383881862302,429,23681,5460
1719383881875354,428,23665,5461
1719383881902209,429,23691,5461
1719383881925389,429,23507,5461
1719383881945217,438,23533,5460
1719383881962168,434,23478,5460
1719383881981879,430,23415,5460
1719383882001948,429,23461,5459
1719383882025575,433,23411,5460
1719383882041732,432,23395,5461
1719383882058904,432,23401,5460
1719383882082085,434,23419,5462
1719383882096977,448,23429,5461
1719383882125551,504,23396,5462
1719383882141775,644,23305,5460
1719383882161755,906,23379,5461
1719383882181708,1321,23245,5462
1719383882201948,1896,23069,5461
1719383882228558,2621,23215,5460
1719383882254973,3470,23319,5461
1719383882268444,4412,23722,5465
1719383882281831,5425,24085,5460
1719383882301912,6473,24407,5459
1719383882322074,7529,24485,5459
1719383882342064,8583,24352,5460
1719383882368727,9613,24073,5461
1719383882381806,10611,23623,5457
1719383882408827,11573,23132,5460
1719383882431698,12486,22750,5463
1719383882455055,13361,22547,5463
1719383882475400,14189,22474,5460
1719383882495511,14972,22530,5459
1719383882506914,15716,22697,5460
1719383882531539,16403,22952,5461
1719383882551866,17050,23084,5462
1719383882575088,17654,23431,5465
1719383882592083,18221,23565,5460
1719383882604105,18730,23502,5464
1719383882616815,19214,23559,5461
1719383882645513,19646,23454,5461
1719383882658159,20050,23299,5461
1719383882681934,20421,23177,5459
1719383882702167,20757,23069,5459
1719383882725318,21061,22942,5462
1719383882748725,21338,22854,5463
1719383882765219,21595,22792,5460
1719383882785563,21826,22832,5460
1719383882805528,22025,22815,5461
1719383882828860,22209,22826,5461
1719383882852036,22379,22813,5460
1719383882872206,22532,22641,5459
1719383882885158,22667,22429,5459
1719383882905611,22790,22245,5461
1719383882931811,22903,21855,5464
1719383882948523,22999,21662,5465
1719383882971884,23086,21849,5456
1719383882992129,23167,22289,5461
1719383883008530,23238,23119,5464
1719383883031789,23302,23814,5457
1719383883052193,23359,24279,5459
1719383883068664,23409,24390,5462
1719383883088820,23455,24213,5459
1719383883111827,23494,23919,5460
1719383883128672,23532,23644,5461
1719383883151940,23566,23432,5459
1719383883175179,23595,23198,5462
1719383883191849,23619,22989,5463
1719383883208669,23642,22788,5463
1719383883225360,23661,22679,5461
1719383883251803,23680,22679,5462
1719383883275119,23697,22680,5463
1719383883288736,23715,22784,5461
1719383883308884,23732,22782,5460
1719383883331948,23743,22679,5459
1719383883352143,23752,22468,5460
1719383883361962,23762,22458,5459
1719383883388885,23774,22384,5466
1719383883408650,23779,22334,5459
1719383883435250,23794,22521,5460
1719383883444850,23804,22743,5461
1719383883471898,23807,22912,5461
1719383883488776,23812,23144,5458
1719383883511786,23818,23193,5457
1719383883535099,23822,23316,5458
1719383883552096,23827,23315,5460
1719383883568528,23831,23145,5460
1719383883585280,23836,23201,5464
1719383883612123,23838,23151,5464
1719383883628644,23842,23159,5465
1719383883648388,23844,23097,5463
1719383883668679,23846,23144,5461
1719383883692005,23849,23355,5460
1719383883718400,23853,23743,5460
1719383883735327,23856,24180,5461
1719383883758710,23856,24586,5464
1719383883775143,23859,24788,5462
1719383883788520,23862,24741,5459
1719383883818738,23866,24486,5460
1719383883838616,23874,24079,5462
1719383883855139,23876,23667,5460
1719383883868557,23871,23298,5459
1719383883902020,23874,23013,5460
1719383883915122,23872,22770,5461
1719383883931781,23870,22652,5462
1719383883942358,23878,22639,5460
1719383883972290,23875,22700,5457
1719383883992221,23882,22725,5460
1719383884008568,23882,22708,5460
1719383884031797,23883,22645,5460
1719383884051857,23886,22605,5459
1719383884075523,23885,22486,5459
1719383884091929,23885,22466,5463
1719383884112130,23883,22429,5460
1719383884135233,23886,22607,5457
1719383884158734,23886,22689,5459
1719383884171806,23886,22895,5460
1719383884185306,23883,23190,5459
1719383884212116,23884,23329,5461
1719383884235443,23883,23355,5461
1719383884255381,23883,23239,5460
1719383884275547,23883,23373,5455
1719383884298479,23883,23432,5459
1719383884315228,23885,23503,5463
1719383884338633,23882,23503,5458
1719383884358596,23883,23657,5455
1719383884371952,23887,23707,5463
1719383884398395,23879,23802,5463
1719383884422115,23881,24130,5461
1719383884438530,23876,24547,5463
1719383884458418,23875,24799,5461
1719383884471938,23875,24840,5460
1719383884492074,23871,24675,5460
1719383884511880,23870,24323,5459
1719383884531845,23866,23851,5460
1719383884555299,23863,23312,5460
1719383884572231,23865,22799,5460
1719383884595504,23859,22527,5461
1719383884615314,23864,22142,5462
1719383884631820,23862,22017,5461
1719383884655599,23853,21947,5460
1719383884675291,23853,22047,5459
1719383884691904,23858,22335,5460
1719383884718482,23851,22568,5460
1719383884731712,23849,22907,5460
1719383884754852,23846,23074,5461
1719383884768583,23844,23185,5461
1719383884794836,23843,23368,5460
1719383884818346,23843,23417,5457
1719383884831557,23841,23312,5461
1719383884854998,23840,23473,5461
1719383884878768,23841,23388,5458
1719383884901717,23838,23250,5461
1719383884918452,23837,23277,5462
1719383884941633,23836,23152,5461
1719383884962060,23838,23325,5466
1719383884978514,23838,23373,5461
1719383884995175,23838,23411,5458
1719383885018414,23839,23449,5459
1719383885041670,23839,23472,5459
1719383885065139,23839,23452,5459
1719383885074107,23837,23418,5461
1719383885098275,23833,23368,5459
1719383885128441,23837,23578,5460
1719383885146878,23837,24091,5462
1719383885157107,23840,24413,5461
1719383885164973,23837,24662,5460
1719383885194863,23834,24656,5463
1719383885215110,23841,24409,5460
1719383885231832,23833,24045,5459
1719383885255110,23840,23572,5462
1719383885282968,23836,23101,5461
1719383885298602,23838,22755,5460
1719383885314969,23834,22447,5460
1719383885335105,23839,22388,5459
1719383885351653,23830,22269,5460
1719383885375691,23831,22396,5465
1719383885398544,23829,22463,5460
1719383885415175,23829,22637,5458
1719383885438398,23827,22755,5460
1719383885461758,23825,22925,5459
1719383885481853,23829,22996,5460
1719383885501781,23826,23165,5460
1719383885511816,23825,23210,5460
1719383885542030,23824,23161,5462
1719383885558385,23826,23131,5462
1719383885588525,23822,23148,5463
1719383885607502,23822,23090,5461
1719383885626307,23823,23003,5460
1719383885645163,23820,23107,5464
1719383885658328,23820,23056,5456
1719383885685244,23826,22973,5461
1719383885696889,23819,22853,5457
1719383885728573,23817,22741,5460
1719383885741703,23813,22702,5458
1719383885761974,23812,22702,5459
1719383885778593,23812,22807,5459
1719383885798357,23809,22995,5460
1719383885815059,23807,23324,5460
1719383885835487,23804,23697,5462
1719383885855148,23806,23983,5460
1719383885871863,23804,24084,5460
1719383885901883,23808,24179,5460
1719383885918947,23800,23981,5461
1719383885941831,23795,23743,5462
1719383885955119,23796,23460,5461
1719383885978651,23792,23038,5461
1719383885995236,23795,22865,5459
1719383886021496,23791,22669,5464
1719383886041451,23787,22626,5459
1719383886054768,23789,22522,5459
1719383886078711,23787,22593,5458
1719383886102114,23785,22736,5461
1719383886118481,23785,22934,5461
1719383886138687,23785,23161,5460
1719383886158546,23784,23427,5463
1719383886181895,23784,23502,5463
1719383886205590,23783,23519,5458
1719383886233982,23784,23419,5460
1719383886247135,23791,23331,5462
1719383886261543,23783,23241,5461
1719383886281657,23783,23151,5458
1719383886301684,23782,23025,5457
1719383886325027,23784,22916,5461
1719383886348749,23786,22819,5462
BEGIN baseline FOR 10 SECONDS,,,
1719383886361646,23781,22818,5459
1719383886385144,23787,22713,5461
1719383886401641,23788,22901,5459
1719383886424850,23787,22990,5461
1719383886434936,23783,23016,5463
1719383886458542,23788,23158,5459
1719383886484368,23786,23393,5462
1719383886505219,23784,23754,5461
1719383886518324,23786,24082,5460
1719383886541617,23786,24322,5460
1719383886558397,23784,24384,5459
1719383886582018,23785,24190,5460
1719383886598643,23789,23955,5460
1719383886622095,23781,23509,5460
1719383886649132,23785,23234,5461
1719383886663006,23783,23020,5461
1719383886681595,23782,22869,5462
1719383886708387,23783,22777,5460
1719383886722096,23783,22698,5459
1719383886742142,23783,22783,5460
1719383886758650,23782,22784,5460
1719383886781909,23780,22990,5461
1719383886805139,23781,23091,5459
1719383886822147,23780,23170,5459
1719383886845529,23781,23232,5456
1719383886858575,23782,23199,5462
1719383886885480,23783,23213,5461
1719383886905311,23783,23146,5461
1719383886925194,23781,23076,5461
1719383886945654,23780,22936,5462
1719383886958620,23782,22956,5464
1719383886991979,23780,22907,5462
1719383887008633,23780,22892,5460
1719383887028622,23782,22799,5464
1719383887053140,23789,22800,5460
1719383887071725,23782,22783,5458
1719383887085290,23779,22641,5459
1719383887101911,23777,22678,5458
1719383887122098,23781,22962,5460
1719383887145251,23783,23332,5462
1719383887151824,23780,23708,5460
1719383887178924,23782,24015,5460
1719383887202186,23785,24293,5460
1719383887221945,23784,24284,5459
1719383887245599,23781,24045,5461
1719383887268805,23788,23741,5460
1719383887285744,23783,23332,5459
1719383887298869,23790,23058,5461
1719383887328816,23783,22750,5460
1719383887356705,23786,22480,5460
1719383887369497,23792,22542,5461
1719383887384899,23787,22580,5458
1719383887398359,23786,22691,5460
1719383887428394,23787,22762,5457
1719383887444897,23788,22948,5463
1719383887468886,23786,23085,5456
1719383887495744,23788,23154,5460
1719383887508283,23788,23239,5463
1719383887528415,23789,23234,5461
1719383887551946,23790,23198,5461
1719383887568319,23792,23102,5458
1719383887581737,23798,23008,5460
1719383887608946,23790,22946,5461
1719383887635652,23789,22852,5462
1719383887664681,23790,22849,5463
1719383887680220,23793,22696,5460
1719383887689623,23790,22792,5461
1719383887711903,23791,22799,5461
1719383887734950,23794,22805,5462
1719383887745560,23793,22981,5460
1719383887761566,23790,23149,5460
1719383887781467,23790,23582,5462
1719383887794871,23793,24096,5459
1719383887821880,23791,24301,5460
1719383887838280,23795,24363,5461
1719383887868447,23794,24235,5461
1719383887887811,23797,23879,5461
1719383887908263,23807,23561,5460
1719383887928140,23800,23097,5461
1719383887944929,23804,22931,5464
1719383887968508,23807,22605,5461
1719383887985118,23809,22561,5460
1719383888009838,23814,22595,5460
1719383888021577,23816,22527,5461
1719383888041764,23821,22581,5459
1719383888069397,23825,22711,5461
1719383888091683,23828,22837,5464
1719383888111768,23832,22984,5457
1719383888131592,23835,23055,5459
1719383888151958,23839,23176,5462
1719383888172012,23844,23121,5460
1719383888192101,23846,23099,5463
1719383888211913,23852,23005,5460
1719383888232179,23854,22944,5460
1719383888260698,23861,22890,5460
1719383888274987,23862,22895,5462
1719383888291887,23874,22873,5460
1719383888311901,23877,22813,5460
1719383888338363,23872,22827,5460
1719383888343891,23875,22807,5459
1719383888365201,23877,22748,5461
1719383888395104,23883,23029,5459
1719383888402246,23884,23367,5460
1719383888418695,23892,23796,5460
1719383888441953,23885,24185,5458
1719383888461769,23887,24364,5462
1719383888485626,23892,24432,5460
1719383888505248,23891,24161,5460
1719383888525149,23887,23943,5461
1719383888545191,23891,23480,5460
1719383888565338,23889,23158,5460
1719383888588455,23885,22900,5463
1719383888608779,23887,22713,5460
1719383888622116,23883,22761,5460
1719383888652033,23877,22704,5459
1719383888671874,23876,22727,5457
1719383888688891,23874,22803,5461
1719383888708562,23874,22792,5461
1719383888731798,23871,23079,5464
1719383888752038,23869,23186,5464
1719383888771841,23867,23239,5463
1719383888798579,23866,23287,5454
1719383888813603,23863,23265,5463
1719383888831838,23863,23109,5459
1719383888848683,23862,23130,5457
1719383888865266,23860,23023,5460
1719383888892135,23861,22931,5461
1719383888915424,23860,22842,5460
1719383888932144,23858,22850,5461
1719383888955178,23857,22911,5460
1719383888968510,23854,22882,5462
1719383888985313,23853,22931,5463
1719383889005291,23851,22957,5462
1719383889038790,23857,22973,5460
1719383889048468,23850,23086,5461
1719383889068648,23856,23303,5461
1719383889085294,23849,23703,5460
1719383889108877,23845,24086,5459
1719383889131924,23848,24387,5459
1719383889148891,23845,24413,5459
1719383889165136,23847,24316,5461
1719383889185374,23844,23893,5460
1719383889212207,23840,23488,5460
1719383889229161,23842,23049,5461
1719383889248522,23842,22813,5462
1719383889268539,23843,22650,5462
1719383889291832,23841,22561,5460
1719383889311852,23839,22418,5460
1719383889331783,23839,22465,5460
1719383889351959,23840,22581,5462
1719383889373243,23839,22730,5463
1719383889394870,23838,22858,5463
1719383889428369,23838,23007,5463
1719383889437103,23835,23139,5455
1719383889468528,23840,23204,5457
1719383889488622,23833,23175,5459
1719383889504789,23829,23134,5460
1719383889514745,23830,23022,5460
1719383889528329,23828,22892,5460
1719383889555029,23829,22825,5460
1719383889582014,23827,22761,5460
1719383889601824,23825,22736,5462
1719383889614824,23827,22698,5460
1719383889634894,23823,22817,5461
1719383889648229,23823,22852,5462
1719383889685093,23819,22900,5462
1719383889703841,23818,22944,5463
1719383889718433,23824,22924,5461
1719383889731680,23817,23044,5461
1719383889751828,23824,23064,5460
1719383889772011,23811,23373,5461
1719383889794893,23817,23733,5460
1719383889811683,23817,24281,5459
1719383889838467,23815,24477,5459
1719383889855013,23816,24565,5461
1719383889871732,23817,24350,5460
1719383889895231,23813,23925,5461
1719383889918758,23814,23538,5459
1719383889935662,23813,23051,5459
1719383889955150,23814,22847,5457
1719383889976343,23812,22656,5460
1719383889998347,23810,22670,5459
1719383890011605,23809,22671,5458
1719383890041844,23807,22690,5458
1719383890058742,23808,22796,5463
1719383890075074,23808,22731,5461
1719383890098909,23809,22957,5464
1719383890121831,23808,23069,5459
1719383890138687,23808,23156,5463
1719383890162489,23807,23166,5460
1719383890182055,23805,23187,5461
1719383890198541,23806,23152,5458
1719383890221904,23808,23125,5460
1719383890241930,23804,23031,5461
1719383890258920,23806,22892,5461
1719383890278411,23804,22857,5460
1719383890292026,23803,22886,5459
1719383890311909,23801,22847,5459
1719383890335873,23798,22853,5460
1719383890351958,23799,22839,5460
1719383890365262,23797,22873,5460
1719383890392502,23793,22890,5461
1719383890411909,23796,22928,5459
1719383890432083,23795,22913,5460
1719383890446955,23800,23282,5459
1719383890471715,23793,23678,5458
1719383890491923,23794,24090,5459
1719383890515414,23794,24319,5461
1719383890535094,23797,24321,5460
1719383890555182,23794,24169,5463
1719383890578427,23792,23852,5464
1719383890605349,23794,23471,5463
1719383890615166,23793,23167,5461
1719383890641863,23792,22789,5459
1719383890658572,23791,22592,5459
1719383890675084,23790,22571,5459
1719383890695433,23789,22572,5459
1719383890718526,23788,22581,5458
1719383890738400,23790,22650,5464
1719383890758547,23788,22799,5465
1719383890778906,23788,22945,5457
1719383890791777,23789,23070,5459
1719383890821841,23789,23165,5458
1719383890845243,23787,23232,5459
1719383890862158,23786,23214,5465
1719383890882438,23785,23176,5459
1719383890901870,23789,23101,5460
1719383890918318,23784,23060,5459
1719383890935067,23784,22985,5460
1719383890955446,23783,22926,5460
1719383890973686,23785,22924,5460
1719383890994927,23788,22901,5461
1719383891011630,23786,22853,5460
1719383891035124,23788,22984,5460
1719383891055352,23784,22955,5460
1719383891075292,23784,22947,5460
1719383891091835,23783,22954,5462
1719383891115434,23782,22919,5459
1719383891138855,23781,23072,5460
1719383891152044,23778,23191,5460
1719383891178310,23778,23410,5460
1719383891198499,23777,23851,5457
1719383891218505,23775,24089,5460
1719383891241857,23775,24270,5459
1719383891259920,23776,24178,5461
1719383891281645,23775,23912,5460
1719383891298224,23774,23642,5459
1719383891324962,23775,23231,5461
1719383891341650,23774,22964,5459
1719383891365089,23773,22730,5459
1719383891381580,23772,22664,5461
1719383891395052,23778,22618,5459
1719383891421765,23771,22668,5457
1719383891445198,23771,22720,5463
1719383891465328,23773,22778,5456
1719383891488295,23778,22884,5459
1719383891495110,23773,23013,5461
1719383891525472,23772,22989,5459
1719383891548766,23771,23170,5459
1719383891556316,23770,23209,5462
1719383891578490,23771,23106,5461
1719383891595543,23770,23147,5459
1719383891615563,23766,23081,5461
1719383891638759,23769,22980,5460
1719383891655443,23767,22920,5459
1719383891681875,23764,22838,5460
1719383891698555,23764,22913,5460
1719383891721895,23760,22887,5462
1719383891735264,23766,22948,5461
1719383891758872,23759,22946,5460
1719383891778491,23760,23038,5461
1719383891801930,23762,23049,5459
1719383891818669,23762,22973,5460
1719383891842094,23762,22922,5460
1719383891855339,23760,22962,5463
1719383891881710,23759,23123,5461
1719383891895141,23759,23429,5464
1719383891921882,23759,23830,5462
1719383891941882,23758,24196,5463
1719383891965244,23757,24276,5460
1719383891985237,23757,24312,5457
1719383892004839,23757,24049,5461
1719383892021579,23756,23703,5458
1719383892044841,23755,23316,5461
1719383892061843,23755,23003,5458
1719383892081760,23753,22766,5460
1719383892106658,23753,22645,5459
1719383892124947,23754,22640,5459
1719383892148300,23749,22628,5459
1719383892165101,23755,22716,5460
1719383892188448,23757,22800,5459
1719383892208457,23754,22903,5462
1719383892225003,23754,22970,5460
1719383892245345,23752,23095,5459
1719383892258941,23751,23164,5460
1719383892282065,23756,23217,5461
1719383892291943,23749,23223,5460
1719383892318602,23753,23084,5461
1719383892338685,23756,23147,5460
1719383892361887,23755,23070,5460
1719383892381873,23749,22926,5461
1719383892409508,23750,22960,5460
1719383892425502,23749,22967,5462
1719383892435610,23750,22927,5461
1719383892461600,23749,22880,5459
1719383892488413,23751,22886,5458
1719383892501627,23750,22814,5459
1719383892525059,23750,22956,5459
1719383892541897,23751,22968,5458
1719383892565329,23748,22971,5460
1719383892585257,23747,23004,5458
1719383892605066,23749,23012,5456
1719383892625027,23750,23146,5460
1719383892644996,23749,23466,5459
1719383892665014,23748,23816,5460
1719383892685149,23750,24194,5462
1719383892705319,23749,24420,5457
1719383892728284,23748,24398,5459
1719383892744842,23747,24193,5460
1719383892768825,23746,23845,5462
1719383892788509,23746,23454,5460
1719383892808759,23747,23080,5460
1719383892832139,23747,22829,5460
1719383892841877,23746,22687,5458
1719383892865643,23750,22622,5461
1719383892878516,23751,22633,5459
1719383892902268,23743,22729,5460
1719383892921883,23745,22789,5460
1719383892935647,23745,22888,5461
1719383892965177,23749,22956,5461
1719383892985137,23747,23152,5460
1719383893001932,23744,23259,5460
1719383893025593,23747,23319,5460
1719383893044992,23750,23213,5459
1719383893068599,23743,23093,5460
1719383893081877,23742,23154,5461
1719383893105520,23741,23053,5460
1719383893118536,23741,22976,5460
1719383893148842,23741,22885,5459
1719383893168517,23742,22927,5455
1719383893185499,23741,22899,5464
1719383893202136,23740,22864,5460
1719383893225530,23740,22922,5458
1719383893248880,23739,22948,5463
1719383893268543,23738,22950,5459
1719383893282123,23738,22942,5458
1719383893308890,23740,22975,5460
1719383893328566,23738,22988,5460
1719383893352123,23738,23009,5461
1719383893368805,23739,23043,5461
1719383893392133,23738,23208,5462
1719383893408573,23737,23533,5461
1719383893432110,23737,23913,5461
1719383893455117,23735,24256,5463
1719383893471882,23741,24433,5462
1719383893485304,23739,24322,5465
1719383893505401,23742,24180,5461
1719383893531945,23735,23820,5457
1719383893545419,23734,23422,5459
1719383893565574,23738,23016,5460
1719383893581874,23733,22796,5459
1719383893605671,23732,22625,5459
1719383893625362,23731,22592,5461
1719383893645160,23732,22616,5461
1719383893668796,23732,22728,5461
1719383893685186,23736,22891,5460
1719383893705425,23731,23010,5459
1719383893718614,23731,23038,5462
1719383893748673,23729,23172,5460
1719383893768579,23731,23249,5458
1719383893792146,23729,23334,5461
1719383893808426,23729,23179,5461
1719383893832081,23736,23208,5460
1719383893848744,23728,23057,5461
1719383893872086,23729,23079,5459
1719383893891864,23728,23021,5459
1719383893905277,23729,22940,5459
1719383893935372,23728,22918,5462
1719383893958460,23729,22928,5457
1719383893975130,23734,22932,5459
1719383893992159,23732,22926,5464
1719383894008496,23730,23056,5462
1719383894031935,23729,23039,5463
1719383894051817,23729,23105,5459
1719383894065089,23729,23098,5462
1719383894098495,23728,23094,5462
1719383894115339,23734,23194,5460
1719383894125162,23723,23454,5459
